"createdAt","pm25","co2","tvoc","nox","temp","humidity","usAQI"
"2026-04-07T13:29:14.769Z","2.6666667461395264","1273.6666259765625","194.9166717529297","1","23.797012329101562","44.85066223144531","11"
"2026-04-07T13:29:19.933Z","2.6666667461395264","1273","195","1","23.797012329101562","44.85066223144531","11"
"2026-04-07T13:29:25.983Z","2.5","1273","194.8333282470703","1","23.81970977783203","44.67231750488281","10"
"2026-04-07T13:29:32.009Z","2.3333332538604736","1273.3333740234375","194.75","1","23.84107208251953","44.699974060058594","10"
"2026-04-07T13:29:37.930Z","2.5","1274.6666259765625","194.4166717529297","1","23.84107208251953","44.754337310791016","10"
"2026-04-07T13:29:43.922Z","2.5","1276.3333740234375","193.9166717529297","1","23.835731506347656","44.51972961425781","10"
"2026-04-07T13:29:49.925Z","2.5","1279","193.25","1","23.837066650390625","44.05718994140625","10"
"2026-04-07T13:29:56.481Z","2.5","1281","192.75","1","23.84374237060547","43.35527801513672","10"
"2026-04-07T13:30:02.590Z","2.3333332538604736","1282.6666259765625","192.25","1","23.847747802734375","42.93470001220703","10"
"2026-04-07T13:30:08.812Z","2.3333332538604736","1281.6666259765625","191.6666717529297","1","23.847747802734375","43.34192657470703","10"
"2026-04-07T13:30:15.378Z","2.3333332538604736","1279.3333740234375","191.1666717529297","1","23.857093811035156","43.931304931640625","10"
"2026-04-07T13:30:20.671Z","2.3333332538604736","1275.3333740234375","190.5833282470703","1","23.85442352294922","44.18498229980469","10"
"2026-04-07T13:30:26.632Z","2.5","1272","190","1","23.845077514648438","44.21931457519531","10"
"2026-04-07T13:30:32.754Z","2.5","1269.3333740234375","189.5","1","23.839736938476562","44.083892822265625","10"
"2026-04-07T13:30:38.642Z","2.8333332538604736","1267.3333740234375","189","1","23.8424072265625","43.862640380859375","12"
"2026-04-07T13:30:44.665Z","3","1265.6666259765625","188.3333282470703","1","23.861099243164062","43.69860076904297","12"
"2026-04-07T13:30:50.718Z","3","1264","188.0833282470703","1","23.850418090820312","43.609901428222656","12"
"2026-04-07T13:30:56.956Z","3.1666667461395264","1262.6666259765625","187.9166717529297","1","23.857097625732422","43.57938766479492","13"
"2026-04-07T13:31:03.075Z","3.1666667461395264","1261","188.0833282470703","1","23.87044906616211","43.627071380615234","13"
"2026-04-07T13:31:09.151Z","3.5","1257.6666259765625","188.4166717529297","1","23.875789642333984","43.6823844909668","15"
"2026-04-07T13:31:15.640Z","3.5","1254","189","1","23.893150329589844","43.74055862426758","15"
"2026-04-07T13:31:21.181Z","3.3333332538604736","1249","189.75","1","23.893150329589844","44.08293151855469","14"
"2026-04-07T13:31:27.199Z","3.1666667461395264","1245.6666259765625","190.9166717529297","1","23.889144897460938","44.63988494873047","13"
"2026-04-07T13:31:33.242Z","3.1666667461395264","1244.6666259765625","192.6666717529297","1","23.875789642333984","44.66754150390625","13"
"2026-04-07T13:31:39.099Z","3.1666667461395264","1248","194.9166717529297","1","23.87044906616211","44.06195068359375","13"
"2026-04-07T13:31:45.066Z","2.8333332538604736","1255","197.5","1","23.881134033203125","43.44777297973633","12"
"2026-04-07T13:31:51.216Z","2.8333332538604736","1261.6666259765625","202.6666717529297","1","23.877124786376953","43.08631896972656","12"
"2026-04-07T13:31:57.444Z","2.8333332538604736","1267.3333740234375","205.1666717529297","1","23.878459930419922","42.958526611328125","12"
"2026-04-07T13:32:04.297Z","3","1269.3333740234375","209.6666717529297","1","23.893150329589844","42.89176940917969","12"
"2026-04-07T13:32:09.782Z","2.6666667461395264","1268.3333740234375","211.5833282470703","1","23.89582061767578","42.770652770996094","11"
"2026-04-07T13:32:16.224Z","2.3333332538604736","1264.3333740234375","213.3333282470703","1","23.886474609375","42.70484924316406","10"
"2026-04-07T13:32:21.735Z","2.3333332538604736","1257.3333740234375","215","1","23.899826049804688","42.70484924316406","10"
"2026-04-07T13:32:27.609Z","2.1666667461395264","1250","216.5","1","23.903831481933594","42.73537063598633","9"
"2026-04-07T13:32:33.642Z","2.3333332538604736","1240.6666259765625","217.5","1","23.893150329589844","42.78495788574219","10"
"2026-04-07T13:32:39.614Z","2.3333332538604736","1232.3333740234375","217.9166717529297","1","23.901161193847656","42.81261444091797","10"
"2026-04-07T13:32:45.614Z","2.5","1219.3333740234375","217.9166717529297","1","23.89849090576172","42.7716064453125","10"
"2026-04-07T13:32:51.700Z","2.8333332538604736","1206","217.8333282470703","1","23.89582061767578","42.825965881347656","12"
"2026-04-07T13:32:57.979Z","3","1189.6666259765625","217.6666717529297","1","23.902496337890625","43.085365295410156","12"
"2026-04-07T13:33:04.851Z","3.1666667461395264","1178.6666259765625","217.5","1","23.899826049804688","43.175010681152344","13"
"2026-04-07T13:33:10.310Z","3","1167.6666259765625","217.3333282470703","1","23.902496337890625","42.999534606933594","12"
"2026-04-07T13:33:16.436Z","3.1666667461395264","1160.3333740234375","217.0833282470703","1","23.91718292236328","42.75157928466797","13"
"2026-04-07T13:33:22.699Z","3.3333332538604736","1151.3333740234375","216.9166717529297","1","23.89849090576172","42.50743103027344","14"
"2026-04-07T13:33:28.578Z","3.1666667461395264","1144.6666259765625","216.75","1","23.89715576171875","42.42731857299805","13"
"2026-04-07T13:33:34.588Z","3.1666667461395264","1136.3333740234375","216.5","1","23.910507202148438","42.48358917236328","13"
"2026-04-07T13:33:40.589Z","3","1129.3333740234375","216.3333282470703","1","23.902496337890625","42.49121856689453","12"
"2026-04-07T13:33:46.568Z","3.1666667461395264","1121","216.3333282470703","1","23.886470794677734","42.463558197021484","13"
"2026-04-07T13:33:52.652Z","2.8333332538604736","1115.6666259765625","216.3333282470703","1","23.874454498291016","42.48453903198242","12"
"2026-04-07T13:33:58.605Z","2.5","1110.3333740234375","216.4166717529297","1","23.883804321289062","42.53508758544922","10"
"2026-04-07T13:34:05.509Z","2.3333332538604736","1107.3333740234375","216.5833282470703","1","23.88780975341797","42.43399429321289","10"
"2026-04-07T13:34:11.431Z","2.1666667461395264","1103","216.9166717529297","1","23.890480041503906","42.29952621459961","9"
"2026-04-07T13:34:17.038Z","2.3333332538604736","1100.3333740234375","217.3333282470703","1","23.878459930419922","42.29094696044922","10"
"2026-04-07T13:34:23.165Z","2.3333332538604736","1098","217.75","1","23.883800506591797","42.39012908935547","10"
"2026-04-07T13:34:29.026Z","2.3333332538604736","1097.3333740234375","218.1666717529297","1","23.901161193847656","42.737274169921875","10"
"2026-04-07T13:34:35.119Z","2.3333332538604736","1098","218.5833282470703","1","23.890480041503906","43.22079849243164","10"
"2026-04-07T13:34:41.233Z","2.5","1100.6666259765625","218.6666717529297","1","23.879798889160156","43.51739501953125","10"
"2026-04-07T13:34:47.082Z","2.6666667461395264","1108.3333740234375","218.6666717529297","1","23.879798889160156","43.53360366821289","11"
"2026-04-07T13:34:53.150Z","2.8333332538604736","1120.6666259765625","218.5833282470703","1","23.893150329589844","43.237003326416016","12"
"2026-04-07T13:34:59.487Z","2.8333332538604736","1141","218.5","1","23.891815185546875","42.82882308959961","12"
"2026-04-07T13:35:06.331Z","3","1159.3333740234375","218.3333282470703","1","23.87044906616211","42.566558837890625","12"
"2026-04-07T13:35:11.905Z","3.1666667461395264","1175.6666259765625","218.0833282470703","1","23.867778778076172","42.399662017822266","13"
"2026-04-07T13:35:17.642Z","3.3333332538604736","1183.6666259765625","217.6666717529297","1","23.87712860107422","42.255653381347656","14"
"2026-04-07T13:35:23.680Z","3.5","1189.3333740234375","217.25","1","23.871784210205078","42.10211181640625","15"
"2026-04-07T13:35:29.622Z","3.3333332538604736","1190.6666259765625","216.75","1","23.857093811035156","42.034400939941406","14"
"2026-04-07T13:35:35.585Z","3.5","1187.3333740234375","216.25","1","23.859764099121094","42.139305114746094","15"
"2026-04-07T13:35:41.695Z","3.3333332538604736","1181.6666259765625","215.75","1","23.85175323486328","42.37868118286133","14"
"2026-04-07T13:35:47.563Z","3.1666667461395264","1172","215.1666717529297","1","23.838401794433594","42.57991027832031","13"
"2026-04-07T13:35:53.666Z","2.8333332538604736","1164.3333740234375","214.4166717529297","1","23.839736938476562","42.6895866394043","12"
"2026-04-07T13:36:00.011Z","2.3333332538604736","1155","213.1666717529297","1","23.84374237060547","42.68386459350586","10"
"2026-04-07T13:36:06.876Z","2","1149.3333740234375","209.5833282470703","1","23.855758666992188","42.701026916503906","8"
"2026-04-07T13:36:13.371Z","1.5","1142.3333740234375","207.1666717529297","1","23.858428955078125","42.867923736572266","6"
"2026-04-07T13:36:18.648Z","1.5","1136.6666259765625","204.0833282470703","1","23.849082946777344","43.08250427246094","6"
"2026-04-07T13:36:24.666Z","1.5","1132.3333740234375","200.6666717529297","1","23.867778778076172","43.43727111816406","6"
"2026-04-07T13:36:30.666Z","1.6666666269302368","1132.3333740234375","196.9166717529297","1","23.86911392211914","43.78346252441406","7"
"2026-04-07T13:36:36.733Z","1.8333333730697632","1135.6666259765625","193","1","23.847747802734375","44.01711654663086","8"
"2026-04-07T13:36:42.794Z","2.1666667461395264","1141","189","1","23.83172607421875","44.150634765625","9"
"2026-04-07T13:36:48.651Z","2.3333332538604736","1145.6666259765625","184.9166717529297","1","23.829055786132812","44.108673095703125","10"
"2026-04-07T13:36:54.633Z","2.5","1151.3333740234375","181.0833282470703","1","23.845077514648438","44.18401336669922","10"
"2026-04-07T13:37:00.624Z","2.6666667461395264","1156","177.6666717529297","1","23.84374237060547","44.493011474609375","11"
"2026-04-07T13:37:07.413Z","2.5","1162.3333740234375","174.8333282470703","1","23.838401794433594","44.77912139892578","10"
"2026-04-07T13:37:13.869Z","2.6666667461395264","1167.6666259765625","172.75","1","23.835731506347656","44.843017578125","11"
"2026-04-07T13:37:19.111Z","2.8333332538604736","1174","171.0833282470703","1","23.839736938476562","44.69615173339844","12"
"2026-04-07T13:37:25.067Z","3","1179","170.1666717529297","1","23.8424072265625","44.48633575439453","12"
"2026-04-07T13:37:31.077Z","2.6666667461395264","1184.3333740234375","170.1666717529297","1","23.84374237060547","44.3079948425293","11"
"2026-04-07T13:37:37.116Z","2.5","1188","170.6666717529297","1","23.83306121826172","44.12297821044922","10"
"2026-04-07T13:37:43.214Z","2.3333332538604736","1191.3333740234375","171.5833282470703","1","23.81169891357422","43.90935516357422","10"
"2026-04-07T13:37:49.081Z","2","1192.6666259765625","172.75","1","23.80902862548828","43.803497314453125","8"
"2026-04-07T13:37:55.040Z","1.6666666269302368","1193.3333740234375","174.1666717529297","1","23.821044921875","43.768211364746094","7"
"2026-04-07T13:38:01.087Z","1.3333333730697632","1193","175.6666717529297","1","23.84374237060547","43.632781982421875","6"
"2026-04-07T13:38:07.989Z","1.5","1192.3333740234375","177.1666717529297","1","23.839736938476562","43.464927673339844","6"
"2026-04-07T13:38:14.351Z","1.8333333730697632","1191","178.5833282470703","1","23.8424072265625","43.32950210571289","8"
"2026-04-07T13:38:19.613Z","2.1666667461395264","1188.3333740234375","180.0833282470703","1","23.84107208251953","43.339996337890625","9"
"2026-04-07T13:38:25.639Z","2.6666667461395264","1185.6666259765625","181.4166717529297","1","23.827720642089844","43.482093811035156","11"
"2026-04-07T13:38:31.681Z","3","1182.6666259765625","182.5833282470703","1","23.839736938476562","43.576515197753906","12"
"2026-04-07T13:38:37.595Z","3.5","1181","183.75","1","23.837066650390625","43.875972747802734","15"
"2026-04-07T13:38:43.716Z","3.5","1180.3333740234375","185","1","23.829055786132812","44.37093734741211","15"
"2026-04-07T13:38:49.634Z","3.1666667461395264","1181.6666259765625","186.3333282470703","1","23.834396362304688","44.6341552734375","13"
"2026-04-07T13:38:55.594Z","3.1666667461395264","1185.3333740234375","187.8333282470703","1","23.837066650390625","44.72285079956055","13"
"2026-04-07T13:39:02.061Z","2.6666667461395264","1189.6666259765625","189.4166717529297","1","23.84374237060547","44.866851806640625","11"
"2026-04-07T13:39:08.444Z","2.3333332538604736","1195.3333740234375","190.9166717529297","1","23.849082946777344","44.915489196777344","10"
